,Before Prune,After Prune
Accuracy Test,0.13555555555555557,0.16444444444444445
Accuracy Val,0.1288888888888889,0.16444444444444445
Inference Time,0.017752556945197284,0.01969670399557799
Space Complexity,661.64,661.64
FLOPS,41.92512,41.92512
