,Static,Dynamic
Inference Time,2.5085522399749607,0.04906337498687208
Training Time,,281.0495152049698
